"title","start_time","end_time","description","exercise_title","superset_id","exercise_notes","set_index","set_type","weight_kg","reps","distance_km","duration_seconds","rpe"
"Morning workout ☀️","Sep 25, 2026, 9:07 AM","Sep 25, 2026, 9:58 AM","","Triceps Pushdown",,"",0,"normal",50,10,,,
"Morning workout ☀️","Sep 25, 2026, 9:07 AM","Sep 25, 2026, 9:58 AM","","Triceps Pushdown",,"",1,"normal",50,10,,,
"Morning workout ☀️","Sep 25, 2026, 9:07 AM","Sep 25, 2026, 9:58 AM","","Triceps Pushdown",,"",2,"normal",45,12,,,
"Morning workout ☀️","Sep 25, 2026, 9:07 AM","Sep 25, 2026, 9:58 AM","","EZ Bar Biceps Curl",,"",0,"normal",10,12,,,
"Morning workout ☀️","Sep 25, 2026, 9:07 AM","Sep 25, 2026, 9:58 AM","","EZ Bar Biceps Curl",,"",1,"normal",15,8,,,
"Morning workout ☀️","Sep 25, 2026, 9:07 AM","Sep 25, 2026, 9:58 AM","","EZ Bar Biceps Curl",,"",2,"normal",15,13,,,
"Morning workout ☀️","Sep 25, 2026, 9:07 AM","Sep 25, 2026, 9:58 AM","","Single Arm Triceps Pushdown (Cable)",,"",0,"normal",5,10,,,
"Morning workout ☀️","Sep 25, 2026, 9:07 AM","Sep 25, 2026, 9:58 AM","","Single Arm Triceps Pushdown (Cable)",,"",1,"normal",5,10,,,
"Morning workout ☀️","Sep 25, 2026, 9:07 AM","Sep 25, 2026, 9:58 AM","","Triceps Dip (Weighted)",,"",0,"normal",10,7,,,
"Morning workout ☀️","Sep 25, 2026, 9:07 AM","Sep 25, 2026, 9:58 AM","","Triceps Dip (Weighted)",,"",1,"normal",10,8,,,
"Morning workout ☀️","Sep 25, 2026, 9:07 AM","Sep 25, 2026, 9:58 AM","","Triceps Dip (Weighted)",,"",2,"normal",10,8,,,
"Morning workout ☀️","Sep 25, 2026, 9:07 AM","Sep 25, 2026, 9:58 AM","","Seated Incline Curl (Dumbbell)",,"",0,"normal",12.5,8,,,
"Morning workout ☀️","Sep 25, 2026, 9:07 AM","Sep 25, 2026, 9:58 AM","","Seated Incline Curl (Dumbbell)",,"",1,"normal",12.5,8,,,
"Morning workout ☀️","Sep 25, 2026, 9:07 AM","Sep 25, 2026, 9:58 AM","","Seated Incline Curl (Dumbbell)",,"",2,"normal",12.5,8,,,
"Morning workout ☀️","Sep 25, 2026, 9:07 AM","Sep 25, 2026, 9:58 AM","","Seated Lateral Raise (Dumbbell)",,"",0,"normal",5,10,,,
"Morning workout ☀️","Sep 25, 2026, 9:07 AM","Sep 25, 2026, 9:58 AM","","Seated Lateral Raise (Dumbbell)",,"",1,"normal",5,10,,,
"Morning workout ☀️","Sep 24, 2026, 6:46 AM","Sep 24, 2026, 7:59 AM","","Bench Press (Barbell)",,"",0,"normal",80,7,,,
"Morning workout ☀️","Sep 24, 2026, 6:46 AM","Sep 24, 2026, 7:59 AM","","Bench Press (Barbell)",,"",1,"normal",80,6,,,
"Morning workout ☀️","Sep 24, 2026, 6:46 AM","Sep 24, 2026, 7:59 AM","","Bench Press (Barbell)",,"",2,"normal",80,7,,,
"Morning workout ☀️","Sep 24, 2026, 6:46 AM","Sep 24, 2026, 7:59 AM","","Lat Pulldown - Close Grip (Cable)",,"",0,"normal",55,7,,,
"Morning workout ☀️","Sep 24, 2026, 6:46 AM","Sep 24, 2026, 7:59 AM","","Lat Pulldown - Close Grip (Cable)",,"",1,"normal",50,7,,,
"Morning workout ☀️","Sep 24, 2026, 6:46 AM","Sep 24, 2026, 7:59 AM","","Lat Pulldown - Close Grip (Cable)",,"",2,"normal",50,9,,,
"Morning workout ☀️","Sep 24, 2026, 6:46 AM","Sep 24, 2026, 7:59 AM","","Shoulder Press (Dumbbell)",,"",0,"normal",20,8,,,
"Morning workout ☀️","Sep 24, 2026, 6:46 AM","Sep 24, 2026, 7:59 AM","","Shoulder Press (Dumbbell)",,"",1,"normal",22.5,6,,,
"Morning workout ☀️","Sep 24, 2026, 6:46 AM","Sep 24, 2026, 7:59 AM","","Shoulder Press (Dumbbell)",,"",2,"normal",22.5,7,,,
"Morning workout ☀️","Sep 24, 2026, 6:46 AM","Sep 24, 2026, 7:59 AM","","Lateral Raise (Cable)",,"",0,"normal",5,10,,,
"Morning workout ☀️","Sep 24, 2026, 6:46 AM","Sep 24, 2026, 7:59 AM","","Lateral Raise (Cable)",,"",1,"normal",5,10,,,
"Morning workout ☀️","Sep 24, 2026, 6:46 AM","Sep 24, 2026, 7:59 AM","","Lateral Raise (Cable)",,"",2,"normal",5,12,,,
"Morning workout ☀️","Sep 24, 2026, 6:46 AM","Sep 24, 2026, 7:59 AM","","Chest Fly (Machine)",,"",0,"normal",40,10,,,
"Morning workout ☀️","Sep 24, 2026, 6:46 AM","Sep 24, 2026, 7:59 AM","","Chest Fly (Machine)",,"",1,"normal",60,10,,,
"Morning workout ☀️","Sep 24, 2026, 6:46 AM","Sep 24, 2026, 7:59 AM","","Chest Fly (Machine)",,"",2,"normal",60,10,,,
"Morning workout ☀️","Sep 24, 2026, 6:46 AM","Sep 24, 2026, 7:59 AM","","Reverse Fly Single Arm (Cable)",,"",0,"normal",5,10,,,
"Morning workout ☀️","Sep 24, 2026, 6:46 AM","Sep 24, 2026, 7:59 AM","","Reverse Fly Single Arm (Cable)",,"",1,"normal",5,10,,,
"Morning workout ☀️","Sep 24, 2026, 6:46 AM","Sep 24, 2026, 7:59 AM","","Reverse Fly Single Arm (Cable)",,"",2,"normal",5,10,,,
"Morning workout ☀️","Sep 24, 2026, 6:46 AM","Sep 24, 2026, 7:59 AM","","Hanging Knee Raise",,"",0,"normal",,10,,,
"Morning workout ☀️","Sep 24, 2026, 6:46 AM","Sep 24, 2026, 7:59 AM","","Hanging Knee Raise",,"",1,"normal",,10,,,
"Morning workout ☀️","Sep 24, 2026, 6:46 AM","Sep 24, 2026, 7:59 AM","","Hanging Knee Raise",,"",2,"normal",,10,,,
"Morning workout ☀️","Sep 24, 2026, 6:46 AM","Sep 24, 2026, 7:59 AM","","Cable Crunch",,"",0,"normal",50,10,,,
"Morning workout ☀️","Sep 24, 2026, 6:46 AM","Sep 24, 2026, 7:59 AM","","Cable Crunch",,"",1,"normal",50,10,,,
"Morning workout ☀️","Sep 24, 2026, 6:46 AM","Sep 24, 2026, 7:59 AM","","Cable Crunch",,"",2,"normal",50,10,,,
"Morning workout ☀️","Sep 23, 2026, 8:15 AM","Sep 23, 2026, 9:17 AM","","Squat (Barbell)",,"",0,"normal",50,10,,,
"Morning workout ☀️","Sep 23, 2026, 8:15 AM","Sep 23, 2026, 9:17 AM","","Squat (Barbell)",,"",1,"normal",60,10,,,
"Morning workout ☀️","Sep 23, 2026, 8:15 AM","Sep 23, 2026, 9:17 AM","","Squat (Barbell)",,"",2,"normal",70,7,,,
"Morning workout ☀️","Sep 23, 2026, 8:15 AM","Sep 23, 2026, 9:17 AM","","Leg Extension (Machine)",,"",0,"normal",30,10,,,
"Morning workout ☀️","Sep 23, 2026, 8:15 AM","Sep 23, 2026, 9:17 AM","","Leg Extension (Machine)",,"",1,"normal",30,10,,,
"Morning workout ☀️","Sep 23, 2026, 8:15 AM","Sep 23, 2026, 9:17 AM","","Leg Extension (Machine)",,"",2,"normal",30,10,,,
"Morning workout ☀️","Sep 23, 2026, 8:15 AM","Sep 23, 2026, 9:17 AM","","Hack Squat (Machine)",,"",0,"normal",50,8,,,
"Morning workout ☀️","Sep 23, 2026, 8:15 AM","Sep 23, 2026, 9:17 AM","","Hack Squat (Machine)",,"",1,"normal",50,8,,,
"Morning workout ☀️","Sep 23, 2026, 8:15 AM","Sep 23, 2026, 9:17 AM","","Hack Squat (Machine)",,"",2,"normal",50,8,,,
"Morning workout ☀️","Sep 23, 2026, 8:15 AM","Sep 23, 2026, 9:17 AM","","Lying Leg Curl (Machine)",,"",0,"normal",30,8,,,
"Morning workout ☀️","Sep 23, 2026, 8:15 AM","Sep 23, 2026, 9:17 AM","","Lying Leg Curl (Machine)",,"",1,"normal",30,8,,,
"Morning workout ☀️","Sep 23, 2026, 8:15 AM","Sep 23, 2026, 9:17 AM","","Lying Leg Curl (Machine)",,"",2,"normal",30,8,,,
"Morning workout ☀️","Sep 23, 2026, 8:15 AM","Sep 23, 2026, 9:17 AM","","Standing Calf Raise (Barbell)",,"",0,"normal",70,10,,,
"Morning workout ☀️","Sep 23, 2026, 8:15 AM","Sep 23, 2026, 9:17 AM","","Standing Calf Raise (Barbell)",,"",1,"normal",70,10,,,
"Morning workout ☀️","Sep 23, 2026, 8:15 AM","Sep 23, 2026, 9:17 AM","","Standing Calf Raise (Barbell)",,"",2,"normal",70,10,,,
"Morning workout ☀️","Sep 23, 2026, 8:15 AM","Sep 23, 2026, 9:17 AM","","Hanging Knee Raise",,"",0,"normal",,10,,,
"Morning workout ☀️","Sep 23, 2026, 8:15 AM","Sep 23, 2026, 9:17 AM","","Hanging Knee Raise",,"",1,"normal",,10,,,
"Morning workout ☀️","Sep 23, 2026, 8:15 AM","Sep 23, 2026, 9:17 AM","","Hanging Knee Raise",,"",2,"normal",,6,,,
"Morning workout ☀️","Sep 23, 2026, 8:15 AM","Sep 23, 2026, 9:17 AM","","Cable Crunch",,"",0,"normal",50,10,,,
"Morning workout ☀️","Sep 23, 2026, 8:15 AM","Sep 23, 2026, 9:17 AM","","Cable Crunch",,"",1,"normal",50,10,,,
"Morning workout ☀️","Sep 23, 2026, 8:15 AM","Sep 23, 2026, 9:17 AM","","Cable Crunch",,"",2,"normal",50,10,,,
"Morning workout ☀️","Sep 22, 2026, 6:50 AM","Sep 22, 2026, 7:53 AM","","Pull Up",,"",0,"normal",,6,,,
"Morning workout ☀️","Sep 22, 2026, 6:50 AM","Sep 22, 2026, 7:53 AM","","Pull Up",,"",1,"normal",,6,,,
"Morning workout ☀️","Sep 22, 2026, 6:50 AM","Sep 22, 2026, 7:53 AM","","Pull Up",,"",2,"normal",,6,,,
"Morning workout ☀️","Sep 22, 2026, 6:50 AM","Sep 22, 2026, 7:53 AM","","Pull Up",,"",3,"normal",,6,,,
"Morning workout ☀️","Sep 22, 2026, 6:50 AM","Sep 22, 2026, 7:53 AM","","Chest Supported Incline Row (Dumbbell)",,"",0,"normal",10,8,,,
"Morning workout ☀️","Sep 22, 2026, 6:50 AM","Sep 22, 2026, 7:53 AM","","Chest Supported Incline Row (Dumbbell)",,"",1,"normal",15,8,,,
"Morning workout ☀️","Sep 22, 2026, 6:50 AM","Sep 22, 2026, 7:53 AM","","Chest Supported Incline Row (Dumbbell)",,"",2,"normal",15,8,,,
"Morning workout ☀️","Sep 22, 2026, 6:50 AM","Sep 22, 2026, 7:53 AM","","Lat Pulldown (Cable)",,"",0,"normal",50,6,,,
"Morning workout ☀️","Sep 22, 2026, 6:50 AM","Sep 22, 2026, 7:53 AM","","Lat Pulldown (Cable)",,"",1,"normal",50,9,,,
"Morning workout ☀️","Sep 22, 2026, 6:50 AM","Sep 22, 2026, 7:53 AM","","Lat Pulldown (Cable)",,"",2,"normal",50,10,,,
"Morning workout ☀️","Sep 22, 2026, 6:50 AM","Sep 22, 2026, 7:53 AM","","Single Arm Cable Row",,"",0,"normal",40,8,,,
"Morning workout ☀️","Aug 12, 2026, 6:41 PM","Aug 12, 2026, 8:45 PM","","Leg Extension (Machine)",,"",0,"normal",23,10,,,
"Morning workout ☀️","Aug 12, 2026, 6:41 PM","Aug 12, 2026, 8:45 PM","","Leg Extension (Machine)",,"",1,"normal",23,12,,,
"Morning workout ☀️","Aug 12, 2026, 6:41 PM","Aug 12, 2026, 8:45 PM","","Leg Extension (Machine)",,"",2,"normal",43,10,,,
"Morning workout ☀️","Aug 12, 2026, 6:41 PM","Aug 12, 2026, 8:45 PM","","Seated Leg Curl (Machine)",,"",0,"normal",23,11,,,
"Morning workout ☀️","Aug 12, 2026, 6:41 PM","Aug 12, 2026, 8:45 PM","","Seated Leg Curl (Machine)",,"",1,"normal",29,11,,,
"Morning workout ☀️","Aug 12, 2026, 6:41 PM","Aug 12, 2026, 8:45 PM","","Seated Leg Curl (Machine)",,"",2,"normal",29,17,,,
"Morning workout ☀️","Aug 12, 2026, 6:41 PM","Aug 12, 2026, 8:45 PM","","Squat (Smith Machine)",,"",0,"normal",40,10,,,
"Morning workout ☀️","Aug 12, 2026, 6:41 PM","Aug 12, 2026, 8:45 PM","","Squat (Smith Machine)",,"",1,"normal",60,12,,,
"Morning workout ☀️","Aug 12, 2026, 6:41 PM","Aug 12, 2026, 8:45 PM","","Squat (Smith Machine)",,"",2,"normal",60,12,,,
"Morning workout ☀️","Aug 12, 2026, 6:41 PM","Aug 12, 2026, 8:45 PM","","Leg Press (Machine)",,"",0,"normal",100,7,,,
"Morning workout ☀️","Aug 12, 2026, 6:41 PM","Aug 12, 2026, 8:45 PM","","Leg Press (Machine)",,"",1,"normal",100,7,,,
"Morning workout ☀️","Aug 12, 2026, 6:41 PM","Aug 12, 2026, 8:45 PM","","Leg Press (Machine)",,"",2,"normal",100,6,,,
"Morning workout ☀️","Aug 12, 2026, 6:41 PM","Aug 12, 2026, 8:45 PM","","Seated Calf Raise",,"",0,"normal",50,12,,,
"Morning workout ☀️","Aug 12, 2026, 6:41 PM","Aug 12, 2026, 8:45 PM","","Seated Calf Raise",,"",1,"normal",50,12,,,
"Morning workout ☀️","Aug 12, 2026, 6:41 PM","Aug 12, 2026, 8:45 PM","","Seated Calf Raise",,"",2,"normal",50,12,,,
"Morning workout ☀️","Aug 11, 2026, 6:14 AM","Aug 11, 2026, 7:44 AM","","Lat Pulldown (Cable)",,"",0,"normal",40,8,,,
"Morning workout ☀️","Aug 11, 2026, 6:14 AM","Aug 11, 2026, 7:44 AM","","Lat Pulldown (Cable)",,"",1,"normal",50,12,,,
"Morning workout ☀️","Aug 11, 2026, 6:14 AM","Aug 11, 2026, 7:44 AM","","Lat Pulldown (Cable)",,"",2,"normal",50,10,,,
"Morning workout ☀️","Aug 11, 2026, 6:14 AM","Aug 11, 2026, 7:44 AM","","Pull Up (Weighted)",,"",0,"normal",10,6,,,
"Morning workout ☀️","Aug 11, 2026, 6:14 AM","Aug 11, 2026, 7:44 AM","","Pull Up (Weighted)",,"",1,"normal",10,5,,,
"Morning workout ☀️","Aug 11, 2026, 6:14 AM","Aug 11, 2026, 7:44 AM","","Pull Up (Weighted)",,"",2,"normal",10,5,,,
"Morning workout ☀️","Aug 11, 2026, 6:14 AM","Aug 11, 2026, 7:44 AM","","Rear Delt Reverse Fly (Machine)",,"",0,"normal",35,10,,,
"Morning workout ☀️","Aug 11, 2026, 6:14 AM","Aug 11, 2026, 7:44 AM","","Rear Delt Reverse Fly (Machine)",,"",1,"normal",30,10,,,
"Morning workout ☀️","Aug 11, 2026, 6:14 AM","Aug 11, 2026, 7:44 AM","","Rear Delt Reverse Fly (Machine)",,"",2,"normal",30,8,,,
"Morning workout ☀️","Aug 11, 2026, 6:14 AM","Aug 11, 2026, 7:44 AM","","Face Pull",,"",0,"normal",35,10,,,
"Morning workout ☀️","Aug 11, 2026, 6:14 AM","Aug 11, 2026, 7:44 AM","","Face Pull",,"",1,"normal",30,10,,,
"Morning workout ☀️","Aug 11, 2026, 6:14 AM","Aug 11, 2026, 7:44 AM","","Face Pull",,"",2,"normal",30,10,,,
"Morning workout ☀️","Aug 11, 2026, 6:14 AM","Aug 11, 2026, 7:44 AM","","Seated Incline Curl (Dumbbell)",,"",0,"normal",12.5,6,,,
"Morning workout ☀️","Aug 11, 2026, 6:14 AM","Aug 11, 2026, 7:44 AM","","Seated Incline Curl (Dumbbell)",,"",1,"normal",12.5,6,,,
"Morning workout ☀️","Aug 11, 2026, 6:14 AM","Aug 11, 2026, 7:44 AM","","EZ Bar Biceps Curl",,"",0,"normal",10,12,,,
"Morning workout ☀️","Aug 11, 2026, 6:14 AM","Aug 11, 2026, 7:44 AM","","EZ Bar Biceps Curl",,"",1,"normal",10,13,,,
"Morning workout ☀️","Aug 11, 2026, 6:14 AM","Aug 11, 2026, 7:44 AM","","Hammer Curl (Dumbbell)",,"",0,"normal",7.5,12,,,
"Morning workout ☀️","Aug 11, 2026, 6:14 AM","Aug 11, 2026, 7:44 AM","","Hammer Curl (Dumbbell)",,"",1,"normal",7.5,20,,,
"Morning workout ☀️","Aug 11, 2026, 6:14 AM","Aug 11, 2026, 7:44 AM","","Lateral Raise (Cable)",,"",0,"normal",5,16,,,
"Morning workout ☀️","Aug 11, 2026, 6:14 AM","Aug 11, 2026, 7:44 AM","","Lateral Raise (Cable)",,"",1,"normal",10,6,,,
"Morning workout ☀️","Aug 11, 2026, 6:14 AM","Aug 11, 2026, 7:44 AM","","Lateral Raise (Cable)",,"",2,"normal",5,10,,,
"Morning workout ☀️","Aug 11, 2026, 6:14 AM","Aug 11, 2026, 7:44 AM","","Seated Cable Row - V Grip (Cable)",,"",0,"normal",25,12,,,
"Morning workout ☀️","Aug 11, 2026, 6:14 AM","Aug 11, 2026, 7:44 AM","","Seated Cable Row - V Grip (Cable)",,"",1,"normal",45,8,,,
"Morning workout ☀️","Aug 10, 2026, 6:40 AM","Aug 10, 2026, 7:49 AM","","Bench Press (Barbell)",,"",0,"normal",50,8,,,
"Morning workout ☀️","Aug 10, 2026, 6:40 AM","Aug 10, 2026, 7:49 AM","","Bench Press (Barbell)",,"",1,"normal",70,8,,,
"Morning workout ☀️","Aug 10, 2026, 6:40 AM","Aug 10, 2026, 7:49 AM","","Bench Press (Barbell)",,"",2,"normal",70,6,,,
"Morning workout ☀️","Aug 10, 2026, 6:40 AM","Aug 10, 2026, 7:49 AM","","Bench Press (Barbell)",,"",3,"normal",90,3,,,
"Morning workout ☀️","Aug 10, 2026, 6:40 AM","Aug 10, 2026, 7:49 AM","","Lateral Raise (Cable)",,"",0,"normal",5,15,,,
"Morning workout ☀️","Aug 10, 2026, 6:40 AM","Aug 10, 2026, 7:49 AM","","Lateral Raise (Cable)",,"",1,"normal",5,15,,,
"Morning workout ☀️","Aug 10, 2026, 6:40 AM","Aug 10, 2026, 7:49 AM","","Lateral Raise (Cable)",,"",2,"normal",5,15,,,
"Morning workout ☀️","Aug 10, 2026, 6:40 AM","Aug 10, 2026, 7:49 AM","","Lateral Raise (Cable)",,"",3,"normal",5,15,,,
"Morning workout ☀️","Aug 10, 2026, 6:40 AM","Aug 10, 2026, 7:49 AM","","Triceps Rope Pushdown",,"",0,"normal",,15,,,
"Morning workout ☀️","Aug 10, 2026, 6:40 AM","Aug 10, 2026, 7:49 AM","","Triceps Rope Pushdown",,"",1,"normal",5,8,,,
"Morning workout ☀️","Aug 10, 2026, 6:40 AM","Aug 10, 2026, 7:49 AM","","Triceps Rope Pushdown",,"",2,"normal",,15,,,
"Morning workout ☀️","Aug 10, 2026, 6:40 AM","Aug 10, 2026, 7:49 AM","","Incline Bench Press (Dumbbell)",,"",0,"normal",25,10,,,
"Morning workout ☀️","Aug 10, 2026, 6:40 AM","Aug 10, 2026, 7:49 AM","","Incline Bench Press (Dumbbell)",,"",1,"normal",25,9,,,
"Morning workout ☀️","Aug 10, 2026, 6:40 AM","Aug 10, 2026, 7:49 AM","","Incline Bench Press (Dumbbell)",,"",2,"normal",25,7,,,
"Morning workout ☀️","Aug 10, 2026, 6:40 AM","Aug 10, 2026, 7:49 AM","","Shoulder Press (Dumbbell)",,"",0,"normal",20,8,,,
"Morning workout ☀️","Aug 10, 2026, 6:40 AM","Aug 10, 2026, 7:49 AM","","Shoulder Press (Dumbbell)",,"",1,"normal",20,8,,,
"Morning workout ☀️","Aug 10, 2026, 6:40 AM","Aug 10, 2026, 7:49 AM","","Shoulder Press (Dumbbell)",,"",2,"normal",20,6,,,
"Morning workout ☀️","Aug 10, 2026, 6:40 AM","Aug 10, 2026, 7:49 AM","","Triceps Pushdown",,"",0,"normal",40,10,,,
"Morning workout ☀️","Aug 10, 2026, 6:40 AM","Aug 10, 2026, 7:49 AM","","Triceps Pushdown",,"",1,"normal",40,8,,,
"Morning workout ☀️","Aug 10, 2026, 6:40 AM","Aug 10, 2026, 7:49 AM","","Triceps Pushdown",,"",2,"normal",30,12,,,
"Afternoon workout 💪","Aug 2, 2026, 1:05 PM","Aug 2, 2026, 2:55 PM","","Lateral Raise (Cable)",,"",0,"normal",5,15,,,
"Afternoon workout 💪","Aug 2, 2026, 1:05 PM","Aug 2, 2026, 2:55 PM","","Lateral Raise (Cable)",,"",1,"normal",5,15,,,
"Afternoon workout 💪","Aug 2, 2026, 1:05 PM","Aug 2, 2026, 2:55 PM","","Lateral Raise (Cable)",,"",2,"normal",5,15,,,
"Afternoon workout 💪","Aug 2, 2026, 1:05 PM","Aug 2, 2026, 2:55 PM","","Lateral Raise (Cable)",,"",3,"normal",5,15,,,
"Afternoon workout 💪","Aug 2, 2026, 1:05 PM","Aug 2, 2026, 2:55 PM","","Rear Delt Reverse Fly (Machine)",,"",0,"normal",30,10,,,
"Afternoon workout 💪","Aug 2, 2026, 1:05 PM","Aug 2, 2026, 2:55 PM","","Rear Delt Reverse Fly (Machine)",,"",1,"normal",30,10,,,
"Afternoon workout 💪","Aug 2, 2026, 1:05 PM","Aug 2, 2026, 2:55 PM","","Rear Delt Reverse Fly (Machine)",,"",2,"normal",30,10,,,
"Afternoon workout 💪","Aug 2, 2026, 1:05 PM","Aug 2, 2026, 2:55 PM","","Cable Fly Crossovers",,"",0,"normal",20,15,,,
"Afternoon workout 💪","Aug 2, 2026, 1:05 PM","Aug 2, 2026, 2:55 PM","","Cable Fly Crossovers",,"",1,"normal",20,13,,,
"Morning workout ☀️","Aug 1, 2026, 11:18 AM","Aug 1, 2026, 11:44 AM","","Lat Pulldown (Cable)",,"",0,"normal",50,8,,,
"Morning workout ☀️","Aug 1, 2026, 11:18 AM","Aug 1, 2026, 11:44 AM","","Lat Pulldown (Cable)",,"",1,"normal",55,10,,,
"Morning workout ☀️","Aug 1, 2026, 11:18 AM","Aug 1, 2026, 11:44 AM","","Lat Pulldown (Cable)",,"",2,"normal",55,8,,,
"Morning workout ☀️","Jul 29, 2026, 6:53 AM","Jul 29, 2026, 7:23 AM","","Bench Press (Barbell)",,"",0,"normal",50,8,,,
"Morning workout ☀️","Jul 29, 2026, 6:53 AM","Jul 29, 2026, 7:23 AM","","Bench Press (Barbell)",,"",1,"normal",80,5,,,
"Morning workout ☀️","Jul 29, 2026, 6:53 AM","Jul 29, 2026, 7:23 AM","","Bench Press (Barbell)",,"",2,"normal",80,35,,,
"Morning workout ☀️","Jul 29, 2026, 6:53 AM","Jul 29, 2026, 7:23 AM","","Lateral Raise (Cable)",,"",0,"normal",5,10,,,
"Morning workout ☀️","Jul 29, 2026, 6:53 AM","Jul 29, 2026, 7:23 AM","","Lateral Raise (Cable)",,"",1,"normal",5,15,,,
"Morning workout ☀️","Jul 29, 2026, 6:53 AM","Jul 29, 2026, 7:23 AM","","Lateral Raise (Cable)",,"",2,"normal",5,20,,,
"Morning workout ☀️","Jul 29, 2026, 6:53 AM","Jul 29, 2026, 7:23 AM","","Butterfly (Pec Deck)",,"",0,"normal",40,8,,,
"Morning workout ☀️","Jul 29, 2026, 6:53 AM","Jul 29, 2026, 7:23 AM","","Butterfly (Pec Deck)",,"",1,"normal",60,10,,,
"Morning workout ☀️","Jul 29, 2026, 6:53 AM","Jul 29, 2026, 7:23 AM","","Triceps Pushdown",,"",0,"normal",30,10,,,
"Morning workout ☀️","Jul 29, 2026, 6:53 AM","Jul 29, 2026, 7:23 AM","","Triceps Pushdown",,"",1,"normal",40,10,,,
"Morning workout ☀️","Jul 20, 2026, 7:54 PM","Jul 20, 2026, 9:12 PM","","Bench Press (Barbell)",,"",0,"normal",70,6,,,
"Morning workout ☀️","Jul 20, 2026, 7:54 PM","Jul 20, 2026, 9:12 PM","","Bench Press (Barbell)",,"",1,"normal",80,8,,,
"Morning workout ☀️","Jul 20, 2026, 7:54 PM","Jul 20, 2026, 9:12 PM","","Bench Press (Barbell)",,"",2,"normal",80,6,,,
"Morning workout ☀️","Jul 20, 2026, 7:54 PM","Jul 20, 2026, 9:12 PM","","Lateral Raise (Cable)",,"",0,"normal",5,10,,,
"Morning workout ☀️","Jul 20, 2026, 7:54 PM","Jul 20, 2026, 9:12 PM","","Lateral Raise (Cable)",,"",1,"normal",5,15,,,
"Morning workout ☀️","Jul 20, 2026, 7:54 PM","Jul 20, 2026, 9:12 PM","","Lateral Raise (Cable)",,"",2,"normal",5,20,,,
"Morning workout ☀️","Jul 20, 2026, 7:54 PM","Jul 20, 2026, 9:12 PM","","Shoulder Press (Machine Plates)",,"",0,"normal",10,10,,,
"Morning workout ☀️","Jul 20, 2026, 7:54 PM","Jul 20, 2026, 9:12 PM","","Shoulder Press (Machine Plates)",,"",1,"normal",10,10,,,
"Morning workout ☀️","Jul 20, 2026, 7:54 PM","Jul 20, 2026, 9:12 PM","","Shoulder Press (Machine Plates)",,"",2,"normal",10,10,,,
"Evening workout 🏋️","Jul 18, 2026, 6:02 PM","Jul 18, 2026, 8:09 PM","","Iso-Lateral Low Row",,"",0,"normal",25,10,,,
"Evening workout 🏋️","Jul 18, 2026, 6:02 PM","Jul 18, 2026, 8:09 PM","","Lat Pulldown (Cable)",,"",0,"normal",55,11,,,
"Evening workout 🏋️","Jul 18, 2026, 6:02 PM","Jul 18, 2026, 8:09 PM","","Lat Pulldown (Cable)",,"",1,"normal",55,11,,,
"Evening workout 🏋️","Jul 18, 2026, 6:02 PM","Jul 18, 2026, 8:09 PM","","Lat Pulldown (Cable)",,"",2,"normal",55,8,,,
"Evening workout 🏋️","Jul 18, 2026, 6:02 PM","Jul 18, 2026, 8:09 PM","","Bicep Curl (Dumbbell)",,"",0,"normal",12.5,8,,,
"Evening workout 🏋️","Jul 18, 2026, 6:02 PM","Jul 18, 2026, 8:09 PM","","Bicep Curl (Dumbbell)",,"",1,"normal",12.5,8,,,
"Evening workout 🏋️","Jul 18, 2026, 6:02 PM","Jul 18, 2026, 8:09 PM","","Bicep Curl (Dumbbell)",,"",2,"normal",12.5,9,,,
"Evening workout 🏋️","Jul 18, 2026, 6:02 PM","Jul 18, 2026, 8:09 PM","","Bicep Curl (Barbell)",,"",0,"normal",10,13,,,
"Evening workout 🏋️","Jul 18, 2026, 6:02 PM","Jul 18, 2026, 8:09 PM","","Bicep Curl (Barbell)",,"",1,"normal",10,24,,,
"Evening workout 🏋️","Jul 18, 2026, 6:02 PM","Jul 18, 2026, 8:09 PM","","Bicep Curl (Barbell)",,"",2,"normal",10,33,,,
"Evening workout 🏋️","Jul 18, 2026, 6:02 PM","Jul 18, 2026, 8:09 PM","","Seated Cable Row - V Grip (Cable)",,"",0,"normal",40,12,,,
"Evening workout 🏋️","Jul 18, 2026, 6:02 PM","Jul 18, 2026, 8:09 PM","","Seated Cable Row - V Grip (Cable)",,"",1,"normal",50,12,,,
"Evening workout 🏋️","Jul 18, 2026, 6:02 PM","Jul 18, 2026, 8:09 PM","","Seated Cable Row - V Grip (Cable)",,"",2,"normal",50,12,,,
"Evening workout 🏋️","Jul 18, 2026, 6:02 PM","Jul 18, 2026, 8:09 PM","","Lateral Raise (Dumbbell)",,"",0,"normal",5,13,,,
"Evening workout 🏋️","Jul 18, 2026, 6:02 PM","Jul 18, 2026, 8:09 PM","","Lateral Raise (Dumbbell)",,"",1,"normal",5,10,,,
"Evening workout 🏋️","Jul 18, 2026, 6:02 PM","Jul 18, 2026, 8:09 PM","","Lat Pulldown (Machine)",,"",0,"normal",20,10,,,
"Evening workout 🏋️","Jul 18, 2026, 6:02 PM","Jul 18, 2026, 8:09 PM","","Lat Pulldown (Machine)",,"",1,"normal",40,10,,,
"Afternoon workout 💪","Jul 17, 2026, 5:18 PM","Jul 17, 2026, 6:59 PM","","Incline Bench Press (Dumbbell)",,"",0,"normal",30,8,,,
"Afternoon workout 💪","Jul 17, 2026, 5:18 PM","Jul 17, 2026, 6:59 PM","","Incline Bench Press (Dumbbell)",,"",1,"normal",30,8,,,
"Afternoon workout 💪","Jul 17, 2026, 5:18 PM","Jul 17, 2026, 6:59 PM","","Incline Bench Press (Dumbbell)",,"",2,"normal",30,8,,,
"Afternoon workout 💪","Jul 17, 2026, 5:18 PM","Jul 17, 2026, 6:59 PM","","Bench Press (Barbell)",,"",0,"normal",80,10,,,
"Afternoon workout 💪","Jul 17, 2026, 5:18 PM","Jul 17, 2026, 6:59 PM","","Bench Press (Barbell)",,"",1,"normal",80,10,,,
"Afternoon workout 💪","Jul 17, 2026, 5:18 PM","Jul 17, 2026, 6:59 PM","","Bench Press (Barbell)",,"",2,"normal",90,6,,,
"Afternoon workout 💪","Jul 17, 2026, 5:18 PM","Jul 17, 2026, 6:59 PM","","Lateral Raise (Cable)",,"",0,"normal",10,10,,,
"Afternoon workout 💪","Jul 17, 2026, 5:18 PM","Jul 17, 2026, 6:59 PM","","Lateral Raise (Cable)",,"",1,"normal",10,10,,,
"Afternoon workout 💪","Jul 17, 2026, 5:18 PM","Jul 17, 2026, 6:59 PM","","Butterfly (Pec Deck)",,"",0,"normal",40,8,,,
"Afternoon workout 💪","Jul 17, 2026, 5:18 PM","Jul 17, 2026, 6:59 PM","","Butterfly (Pec Deck)",,"",1,"normal",60,10,,,
"Afternoon workout 💪","Jul 17, 2026, 5:18 PM","Jul 17, 2026, 6:59 PM","","Triceps Pushdown",,"",0,"normal",30,10,,,
"Afternoon workout 💪","Jul 17, 2026, 5:18 PM","Jul 17, 2026, 6:59 PM","","Triceps Pushdown",,"",1,"normal",40,10,,,
"Afternoon workout 💪","Jul 17, 2026, 5:18 PM","Jul 17, 2026, 6:59 PM","","Triceps Pushdown",,"",2,"normal",40,10,,,
"Morning workout ☀️","Jul 15, 2026, 6:38 AM","Jul 15, 2026, 8:29 AM","","Lat Pulldown (Cable)",,"",0,"normal",25,6,,,
"Morning workout ☀️","Jul 15, 2026, 6:38 AM","Jul 15, 2026, 8:29 AM","","Lat Pulldown (Cable)",,"",1,"normal",55,11,,,
"Morning workout ☀️","Jul 15, 2026, 6:38 AM","Jul 15, 2026, 8:29 AM","","Lat Pulldown (Cable)",,"",2,"normal",55,11,,,
"Morning workout ☀️","Jul 15, 2026, 6:38 AM","Jul 15, 2026, 8:29 AM","","Lat Pulldown (Cable)",,"",3,"normal",55,8,,,
"Morning workout ☀️","Jul 15, 2026, 6:38 AM","Jul 15, 2026, 8:29 AM","","Seated Incline Curl (Dumbbell)",,"",0,"normal",12.5,8,,,
"Morning workout ☀️","Jul 15, 2026, 6:38 AM","Jul 15, 2026, 8:29 AM","","Seated Incline Curl (Dumbbell)",,"",1,"normal",12.5,9,,,
"Morning workout ☀️","Jul 15, 2026, 6:38 AM","Jul 15, 2026, 8:29 AM","","Seated Cable Row - Bar Grip",,"",0,"normal",30,10,,,
"Morning workout ☀️","Jul 15, 2026, 6:38 AM","Jul 15, 2026, 8:29 AM","","Seated Cable Row - Bar Grip",,"",1,"normal",45,12,,,
"Morning workout ☀️","Jul 15, 2026, 6:38 AM","Jul 15, 2026, 8:29 AM","","Seated Cable Row - Bar Grip",,"",2,"normal",45,12,,,
"Morning workout ☀️","Jul 15, 2026, 6:38 AM","Jul 15, 2026, 8:29 AM","","Hammer Curl (Dumbbell)",,"",0,"normal",10,12,,,
"Morning workout ☀️","Jul 15, 2026, 6:38 AM","Jul 15, 2026, 8:29 AM","","Hammer Curl (Dumbbell)",,"",1,"normal",10,20,,,
"Morning workout ☀️","Jul 15, 2026, 6:38 AM","Jul 15, 2026, 8:29 AM","","Seated Cable Row - V Grip (Cable)",,"",0,"normal",50,12,,,
"Morning workout ☀️","Jul 13, 2026, 6:54 AM","Jul 13, 2026, 7:37 AM","","Squat (Barbell)",,"20kg bar, 40kg",0,"normal",60,8,,,
"Morning workout ☀️","Jul 13, 2026, 6:54 AM","Jul 13, 2026, 7:37 AM","","Squat (Barbell)",,"20kg bar, 40kg",1,"normal",68,10,,,
"Morning workout ☀️","Jul 13, 2026, 6:54 AM","Jul 13, 2026, 7:37 AM","","Squat (Barbell)",,"20kg bar, 40kg",2,"normal",60,7,,,
"Morning workout ☀️","Jul 13, 2026, 6:54 AM","Jul 13, 2026, 7:37 AM","","Leg Extension (Machine)",,"",0,"normal",40,7,,,
"Morning workout ☀️","Jul 13, 2026, 6:54 AM","Jul 13, 2026, 7:37 AM","","Leg Extension (Machine)",,"",1,"normal",40,8,,,
"Morning workout ☀️","Jul 13, 2026, 6:54 AM","Jul 13, 2026, 7:37 AM","","Leg Extension (Machine)",,"",2,"normal",40,10,,,
"Morning workout ☀️","Jul 13, 2026, 6:54 AM","Jul 13, 2026, 7:37 AM","","Leg Press (Machine)",,"",0,"normal",100,7,,,
"Morning workout ☀️","Jul 13, 2026, 6:54 AM","Jul 13, 2026, 7:37 AM","","Leg Press (Machine)",,"",1,"normal",100,7,,,
"Morning workout ☀️","Jul 13, 2026, 6:54 AM","Jul 13, 2026, 7:37 AM","","Leg Press (Machine)",,"",2,"normal",100,6,,,
"Morning workout ☀️","Jul 13, 2026, 6:54 AM","Jul 13, 2026, 7:37 AM","","Lying Leg Curl (Machine)",,"",0,"normal",20,8,,,
"Morning workout ☀️","Jul 13, 2026, 6:54 AM","Jul 13, 2026, 7:37 AM","","Lying Leg Curl (Machine)",,"",1,"normal",20,9,,,
"Morning workout ☀️","Jul 12, 2026, 10:49 AM","Jul 12, 2026, 12:08 PM","","Incline Bench Press (Smith Machine)",,"",0,"normal",50,10,,,
"Morning workout ☀️","Jul 12, 2026, 10:49 AM","Jul 12, 2026, 12:08 PM","","Incline Bench Press (Smith Machine)",,"",1,"normal",70,8,,,
"Morning workout ☀️","Jul 12, 2026, 10:49 AM","Jul 12, 2026, 12:08 PM","","Incline Bench Press (Smith Machine)",,"",2,"normal",70,8,,,
"Morning workout ☀️","Jul 12, 2026, 10:49 AM","Jul 12, 2026, 12:08 PM","","Shoulder Press (Dumbbell)",,"",0,"normal",20,10,,,
"Morning workout ☀️","Jul 12, 2026, 10:49 AM","Jul 12, 2026, 12:08 PM","","Shoulder Press (Dumbbell)",,"",1,"normal",20,12,,,
"Morning workout ☀️","Jul 12, 2026, 10:49 AM","Jul 12, 2026, 12:08 PM","","Shoulder Press (Dumbbell)",,"",2,"normal",20,10,,,
"Morning workout ☀️","Jul 12, 2026, 10:49 AM","Jul 12, 2026, 12:08 PM","","Cable Fly Crossovers",,"",0,"normal",25,10,,,
"Morning workout ☀️","Jul 12, 2026, 10:49 AM","Jul 12, 2026, 12:08 PM","","Cable Fly Crossovers",,"",1,"normal",25,10,,,
"Morning workout ☀️","Jul 12, 2026, 10:49 AM","Jul 12, 2026, 12:08 PM","","Cable Fly Crossovers",,"",2,"normal",25,10,,,
"Morning workout ☀️","Jul 12, 2026, 10:49 AM","Jul 12, 2026, 12:08 PM","","Single Arm Lateral Raise (Cable)",,"",0,"normal",10,10,,,
"Morning workout ☀️","Jul 12, 2026, 10:49 AM","Jul 12, 2026, 12:08 PM","","Single Arm Lateral Raise (Cable)",,"",1,"normal",5,15,,,
"Morning workout ☀️","Jul 12, 2026, 10:49 AM","Jul 12, 2026, 12:08 PM","","Single Arm Lateral Raise (Cable)",,"",2,"normal",5,12,,,
"Morning workout ☀️","Jul 12, 2026, 10:49 AM","Jul 12, 2026, 12:08 PM","","Seated Lateral Raise (Dumbbell)",,"",0,"normal",5,10,,,
"Morning workout ☀️","Jul 12, 2026, 10:49 AM","Jul 12, 2026, 12:08 PM","","Seated Lateral Raise (Dumbbell)",,"",1,"normal",5,10,,,
"Morning workout ☀️","Jul 12, 2026, 10:49 AM","Jul 12, 2026, 12:08 PM","","Seated Lateral Raise (Dumbbell)",,"",2,"normal",5,10,,,
"Morning workout ☀️","Jul 12, 2026, 10:49 AM","Jul 12, 2026, 12:08 PM","","Triceps Pushdown",,"",0,"normal",30,10,,,
"Morning workout ☀️","Jul 12, 2026, 10:49 AM","Jul 12, 2026, 12:08 PM","","Triceps Pushdown",,"",1,"normal",40,10,,,
"Morning workout ☀️","Jul 12, 2026, 10:49 AM","Jul 12, 2026, 12:08 PM","","Triceps Dip",,"",0,"normal",,10,,,
"Morning workout ☀️","Jul 12, 2026, 10:49 AM","Jul 12, 2026, 12:08 PM","","Triceps Dip",,"",1,"normal",,6,,,
"Evening workout 🏋️","Jul 10, 2026, 7:44 PM","Jul 10, 2026, 8:51 PM","","Lat Pulldown (Cable)",,"",0,"normal",25,6,,,
"Evening workout 🏋️","Jul 10, 2026, 7:44 PM","Jul 10, 2026, 8:51 PM","","Lat Pulldown (Cable)",,"",1,"normal",55,11,,,
"Evening workout 🏋️","Jul 10, 2026, 7:44 PM","Jul 10, 2026, 8:51 PM","","Lat Pulldown (Cable)",,"",2,"normal",55,9,,,
"Evening workout 🏋️","Jul 10, 2026, 7:44 PM","Jul 10, 2026, 8:51 PM","","Lat Pulldown (Cable)",,"",3,"normal",55,12,,,
"Evening workout 🏋️","Jul 10, 2026, 7:44 PM","Jul 10, 2026, 8:51 PM","","Seated Incline Curl (Dumbbell)",,"",0,"normal",12.5,8,,,
"Evening workout 🏋️","Jul 10, 2026, 7:44 PM","Jul 10, 2026, 8:51 PM","","Seated Incline Curl (Dumbbell)",,"",1,"normal",12.5,9,,,
"Evening workout 🏋️","Jul 10, 2026, 7:44 PM","Jul 10, 2026, 8:51 PM","","Seated Incline Curl (Dumbbell)",,"",2,"normal",12.5,10,,,
"Evening workout 🏋️","Jul 10, 2026, 7:44 PM","Jul 10, 2026, 8:51 PM","","Seated Cable Row - V Grip (Cable)",,"",0,"normal",40,11,,,
"Evening workout 🏋️","Jul 10, 2026, 7:44 PM","Jul 10, 2026, 8:51 PM","","Seated Cable Row - V Grip (Cable)",,"",1,"normal",50,12,,,
"Evening workout 🏋️","Jul 10, 2026, 7:44 PM","Jul 10, 2026, 8:51 PM","","Seated Cable Row - V Grip (Cable)",,"",2,"normal",50,12,,,
"Evening workout 🏋️","Jul 10, 2026, 7:44 PM","Jul 10, 2026, 8:51 PM","","Preacher Curl (Machine)",,"",0,"normal",10,6,,,
"Evening workout 🏋️","Jul 10, 2026, 7:44 PM","Jul 10, 2026, 8:51 PM","","Preacher Curl (Machine)",,"",1,"normal",10,8,,,
"Evening workout 🏋️","Jul 10, 2026, 7:44 PM","Jul 10, 2026, 8:51 PM","","Preacher Curl (Machine)",,"",2,"normal",10,6,,,
"Evening workout 🏋️","Jul 10, 2026, 7:44 PM","Jul 10, 2026, 8:51 PM","","Face Pull",,"",0,"normal",25,10,,,
"Evening workout 🏋️","Jul 10, 2026, 7:44 PM","Jul 10, 2026, 8:51 PM","","Face Pull",,"",1,"normal",35,10,,,
"Evening workout 🏋️","Jul 10, 2026, 7:44 PM","Jul 10, 2026, 8:51 PM","","Face Pull",,"",2,"normal",35,10,,,
"Evening workout 🏋️","Jul 10, 2026, 7:44 PM","Jul 10, 2026, 8:51 PM","","Lat Pulldown (Machine)",,"Single arm",0,"normal",40,10,,,
"Evening workout 🏋️","Jul 10, 2026, 7:44 PM","Jul 10, 2026, 8:51 PM","","Lat Pulldown (Machine)",,"Single arm",1,"normal",40,10,,,
"Evening workout 🏋️","Jul 10, 2026, 7:44 PM","Jul 10, 2026, 8:51 PM","","Lat Pulldown (Machine)",,"Single arm",2,"normal",40,10,,,
"Evening workout 🏋️","Jul 10, 2026, 7:44 PM","Jul 10, 2026, 8:51 PM","","Chest Supported Incline Row (Dumbbell)",,"",0,"normal",12.5,10,,,
"Evening workout 🏋️","Jul 10, 2026, 7:44 PM","Jul 10, 2026, 8:51 PM","","Chest Supported Incline Row (Dumbbell)",,"",1,"normal",12.5,11,,,
"Morning workout ☀️","Jul 8, 2026, 7:32 AM","Jul 8, 2026, 8:12 AM","","Bench Press (Barbell)",,"",0,"normal",40,10,,,
"Morning workout ☀️","Jul 8, 2026, 7:32 AM","Jul 8, 2026, 8:12 AM","","Bench Press (Barbell)",,"",1,"normal",80,8,,,
"Morning workout ☀️","Jul 8, 2026, 7:32 AM","Jul 8, 2026, 8:12 AM","","Bench Press (Barbell)",,"",2,"normal",90,5,,,
"Morning workout ☀️","Jul 8, 2026, 7:32 AM","Jul 8, 2026, 8:12 AM","","Bench Press (Barbell)",,"",3,"normal",90,7,,,
"Morning workout ☀️","Jul 8, 2026, 7:32 AM","Jul 8, 2026, 8:12 AM","","Iso-Lateral Low Row",,"",0,"normal",20,12,,,
"Morning workout ☀️","Jul 8, 2026, 7:32 AM","Jul 8, 2026, 8:12 AM","","Iso-Lateral Low Row",,"",1,"normal",20,13,,,
"Morning workout ☀️","Jul 8, 2026, 7:32 AM","Jul 8, 2026, 8:12 AM","","Lateral Raise (Cable)",,"",0,"normal",10,10,,,
"Morning workout ☀️","Jul 8, 2026, 7:32 AM","Jul 8, 2026, 8:12 AM","","Lateral Raise (Cable)",,"",1,"normal",10,15,,,
"Morning workout ☀️","Jul 8, 2026, 7:32 AM","Jul 8, 2026, 8:12 AM","","Lateral Raise (Cable)",,"",2,"normal",5,15,,,
"Morning workout ☀️","Jul 8, 2026, 7:32 AM","Jul 8, 2026, 8:12 AM","","Hanging Knee Raise",,"",0,"normal",,10,,,
"Morning workout ☀️","Jul 8, 2026, 7:32 AM","Jul 8, 2026, 8:12 AM","","Hanging Knee Raise",,"",1,"normal",,17,,,
"Morning workout ☀️","Jul 6, 2026, 6:30 AM","Jul 6, 2026, 7:48 AM","","Bench Press (Barbell)",,"",0,"normal",40,6,,,
"Morning workout ☀️","Jul 6, 2026, 6:30 AM","Jul 6, 2026, 7:48 AM","","Bench Press (Barbell)",,"",1,"normal",90,6,,,
"Morning workout ☀️","Jul 6, 2026, 6:30 AM","Jul 6, 2026, 7:48 AM","","Bench Press (Barbell)",,"",2,"normal",90,7,,,
"Morning workout ☀️","Jul 6, 2026, 6:30 AM","Jul 6, 2026, 7:48 AM","","Bench Press (Barbell)",,"",3,"normal",90,7,,,
"Morning workout ☀️","Jul 6, 2026, 6:30 AM","Jul 6, 2026, 7:48 AM","","Lateral Raise (Cable)",,"",0,"normal",10,10,,,
"Morning workout ☀️","Jul 6, 2026, 6:30 AM","Jul 6, 2026, 7:48 AM","","Lateral Raise (Cable)",,"",1,"normal",5,15,,,
"Morning workout ☀️","Jul 6, 2026, 6:30 AM","Jul 6, 2026, 7:48 AM","","Lateral Raise (Cable)",,"",2,"normal",5,15,,,
"Morning workout ☀️","Jul 6, 2026, 6:30 AM","Jul 6, 2026, 7:48 AM","","Lateral Raise (Cable)",,"",3,"normal",10,10,,,
"Morning workout ☀️","Jul 6, 2026, 6:30 AM","Jul 6, 2026, 7:48 AM","","Incline Bench Press (Dumbbell)",,"",0,"normal",30,8,,,
"Morning workout ☀️","Jul 6, 2026, 6:30 AM","Jul 6, 2026, 7:48 AM","","Incline Bench Press (Dumbbell)",,"",1,"normal",30,7,,,
"Morning workout ☀️","Jul 6, 2026, 6:30 AM","Jul 6, 2026, 7:48 AM","","Incline Bench Press (Dumbbell)",,"",2,"normal",30,6,,,
"Morning workout ☀️","Jul 6, 2026, 6:30 AM","Jul 6, 2026, 7:48 AM","","Face Pull",,"",0,"normal",30,10,,,
"Morning workout ☀️","Jul 6, 2026, 6:30 AM","Jul 6, 2026, 7:48 AM","","Face Pull",,"",1,"normal",30,15,,,
"Morning workout ☀️","Jul 6, 2026, 6:30 AM","Jul 6, 2026, 7:48 AM","","Face Pull",,"",2,"normal",35,12,,,
"Morning workout ☀️","Jul 6, 2026, 6:30 AM","Jul 6, 2026, 7:48 AM","","Butterfly (Pec Deck)",,"",0,"normal",40,8,,,
"Morning workout ☀️","Jul 6, 2026, 6:30 AM","Jul 6, 2026, 7:48 AM","","Butterfly (Pec Deck)",,"",1,"normal",60,10,,,
"Morning workout ☀️","Jul 6, 2026, 6:30 AM","Jul 6, 2026, 7:48 AM","","Butterfly (Pec Deck)",,"",2,"normal",60,8,,,
"Pull ups","Sep 8, 2025, 6:01 PM","Sep 8, 2025, 6:01 PM","","Pull Up",,"",0,"normal",,8,,,
"Pull ups","Sep 8, 2025, 6:01 PM","Sep 8, 2025, 6:01 PM","","Pull Up",,"",1,"normal",,8,,,
"Pull ups","Sep 8, 2025, 6:01 PM","Sep 8, 2025, 6:01 PM","","Pull Up",,"",2,"normal",,8,,,